{
  "features": [
    "sustainedAttentionPenalty",
    "impulsivityPenalty",
    "distractibilityPenalty",
    "adaptationPenalty"
  ],
  "normalization": [
    {
      "feature": "sustainedAttentionPenalty",
      "mean": 0.49332516952051375,
      "std": 0.14980115673011485
    },
    {
      "feature": "impulsivityPenalty",
      "mean": 0.48472066104515094,
      "std": 0.1441908707281589
    },
    {
      "feature": "distractibilityPenalty",
      "mean": 0.48810556318983106,
      "std": 0.1598971689240646
    },
    {
      "feature": "adaptationPenalty",
      "mean": 0.48858641229709543,
      "std": 0.16239144713174394
    }
  ],
  "sourceDataset": "EEG Dataset for ADHD",
  "inferenceMode": "behavioral-proxy-calibrated-by-eeg",
  "modelType": "logistic-regression-proxy",
  "windowSize": 1024,
  "rawRowCount": 2166383,
  "rowCount": 2057,
  "windowCount": 2057,
  "subjectCount": 121,
  "validationSubjectCount": 24,
  "classDistribution": {
    "control": 60,
    "adhd": 61
  },
  "trainingMetrics": {
    "loss": 0.6247810125350952,
    "accuracy": 0.6571251153945923,
    "valLoss": 0.6175917983055115,
    "valAccuracy": 0.6822222471237183
  },
  "trainedAt": "2026-05-22T01:15:39.088Z"
}